      timestamp ;       name ; ID ; HRT ; Prio ;   deadline ; aff. ;   duration
  8457753853582 ; RT_qsort_S ;  1 ;   1 ;    0 ; 1000000000 ;    1 ;    8469884
  8457762332088 ; RT_qsort_S ;  1 ;   1 ;    0 ; 1000000000 ;    1 ;    2915238
  8458753730867 ; RT_qsort_S ;  1 ;   1 ;    0 ; 1000000000 ;    1 ;    3033050
  8459753731360 ; RT_qsort_S ;  1 ;   1 ;    0 ; 1000000000 ;    1 ;    3420807
  8460753730812 ; RT_qsort_S ;  1 ;   1 ;    0 ; 1000000000 ;    1 ;    3421028
  8461753731021 ; RT_qsort_S ;  1 ;   1 ;    0 ; 1000000000 ;    1 ;    3049508
  8462753731803 ; RT_qsort_S ;  1 ;   1 ;    0 ; 1000000000 ;    1 ;    3422452
  8463753731236 ; RT_qsort_S ;  1 ;   1 ;    0 ; 1000000000 ;    1 ;    3074745
  8464753731446 ; RT_qsort_S ;  1 ;   1 ;    0 ; 1000000000 ;    1 ;    3030697
  8465753730882 ; RT_qsort_S ;  1 ;   1 ;    0 ; 1000000000 ;    1 ;    3417223
  8466753731591 ; RT_qsort_S ;  1 ;   1 ;    0 ; 1000000000 ;    1 ;    3310063
  8467753730932 ; RT_qsort_S ;  1 ;   1 ;    0 ; 1000000000 ;    1 ;    3006511
  8468753730900 ; RT_qsort_S ;  1 ;   1 ;    0 ; 1000000000 ;    1 ;    3025995
  8469753731598 ; RT_qsort_S ;  1 ;   1 ;    0 ; 1000000000 ;    1 ;    3031139
  8470753730633 ; RT_qsort_S ;  1 ;   1 ;    0 ; 1000000000 ;    1 ;    2937999
  8471753731077 ; RT_qsort_S ;  1 ;   1 ;    0 ; 1000000000 ;    1 ;    3007037
  8472753730809 ; RT_qsort_S ;  1 ;   1 ;    0 ; 1000000000 ;    1 ;    3413039
  8473753731359 ; RT_qsort_S ;  1 ;   1 ;    0 ; 1000000000 ;    1 ;    3433301
  8474753731184 ; RT_qsort_S ;  1 ;   1 ;    0 ; 1000000000 ;    1 ;    2944486
  8475753731240 ; RT_qsort_S ;  1 ;   1 ;    0 ; 1000000000 ;    1 ;    3412218
  8476753731312 ; RT_qsort_S ;  1 ;   1 ;    0 ; 1000000000 ;    1 ;    3411382
  8477753731445 ; RT_qsort_S ;  1 ;   1 ;    0 ; 1000000000 ;    1 ;    3449272
  8478753731165 ; RT_qsort_S ;  1 ;   1 ;    0 ; 1000000000 ;    1 ;    3007777
  8479753731613 ; RT_qsort_S ;  1 ;   1 ;    0 ; 1000000000 ;    1 ;    3403288
  8480753731456 ; RT_qsort_S ;  1 ;   1 ;    0 ; 1000000000 ;    1 ;    3003969
  8481753731021 ; RT_qsort_S ;  1 ;   1 ;    0 ; 1000000000 ;    1 ;    3028638
  8482753730804 ; RT_qsort_S ;  1 ;   1 ;    0 ; 1000000000 ;    1 ;    2937389
  8483753731508 ; RT_qsort_S ;  1 ;   1 ;    0 ; 1000000000 ;    1 ;    3585391
  8484753730802 ; RT_qsort_S ;  1 ;   1 ;    0 ; 1000000000 ;    1 ;    2911027
  8485753730999 ; RT_qsort_S ;  1 ;   1 ;    0 ; 1000000000 ;    1 ;    3023217
  8486753731180 ; RT_qsort_S ;  1 ;   1 ;    0 ; 1000000000 ;    1 ;    3015671
  8487753731076 ; RT_qsort_S ;  1 ;   1 ;    0 ; 1000000000 ;    1 ;    3426225
  8488753730899 ; RT_qsort_S ;  1 ;   1 ;    0 ; 1000000000 ;    1 ;    3403515
  8489753730760 ; RT_qsort_S ;  1 ;   1 ;    0 ; 1000000000 ;    1 ;    3300637
  8490753731219 ; RT_qsort_S ;  1 ;   1 ;    0 ; 1000000000 ;    1 ;    3400167
  8491753731369 ; RT_qsort_S ;  1 ;   1 ;    0 ; 1000000000 ;    1 ;    3420982
  8492753730938 ; RT_qsort_S ;  1 ;   1 ;    0 ; 1000000000 ;    1 ;    2947066
  8493753731152 ; RT_qsort_S ;  1 ;   1 ;    0 ; 1000000000 ;    1 ;    3421878
  8494753730789 ; RT_qsort_S ;  1 ;   1 ;    0 ; 1000000000 ;    1 ;    3297591
  8495753731850 ; RT_qsort_S ;  1 ;   1 ;    0 ; 1000000000 ;    1 ;    3010647
  8496753731266 ; RT_qsort_S ;  1 ;   1 ;    0 ; 1000000000 ;    1 ;    3058681
  8497753731566 ; RT_qsort_S ;  1 ;   1 ;    0 ; 1000000000 ;    1 ;    3010520
  8498753730805 ; RT_qsort_S ;  1 ;   1 ;    0 ; 1000000000 ;    1 ;    3011988
  8499753730767 ; RT_qsort_S ;  1 ;   1 ;    0 ; 1000000000 ;    1 ;    2931059
  8500753731083 ; RT_qsort_S ;  1 ;   1 ;    0 ; 1000000000 ;    1 ;    3418927
  8501753730853 ; RT_qsort_S ;  1 ;   1 ;    0 ; 1000000000 ;    1 ;    3047431
  8502753731273 ; RT_qsort_S ;  1 ;   1 ;    0 ; 1000000000 ;    1 ;    2993350
  8503753730936 ; RT_qsort_S ;  1 ;   1 ;    0 ; 1000000000 ;    1 ;    3028369
  8504753731201 ; RT_qsort_S ;  1 ;   1 ;    0 ; 1000000000 ;    1 ;    3408954
  8505753730771 ; RT_qsort_S ;  1 ;   1 ;    0 ; 1000000000 ;    1 ;    2939930
  8506753731183 ; RT_qsort_S ;  1 ;   1 ;    0 ; 1000000000 ;    1 ;    3015060
  8507753730897 ; RT_qsort_S ;  1 ;   1 ;    0 ; 1000000000 ;    1 ;    2925391
  8508753730995 ; RT_qsort_S ;  1 ;   1 ;    0 ; 1000000000 ;    1 ;    3393942
  8509753730657 ; RT_qsort_S ;  1 ;   1 ;    0 ; 1000000000 ;    1 ;    3027524
  8510753732212 ; RT_qsort_S ;  1 ;   1 ;    0 ; 1000000000 ;    1 ;    3353243
  8511753731052 ; RT_qsort_S ;  1 ;   1 ;    0 ; 1000000000 ;    1 ;    2943928
  8512753730898 ; RT_qsort_S ;  1 ;   1 ;    0 ; 1000000000 ;    1 ;    3420294
  8513753731400 ; RT_qsort_S ;  1 ;   1 ;    0 ; 1000000000 ;    1 ;    3415720
  8514753730741 ; RT_qsort_S ;  1 ;   1 ;    0 ; 1000000000 ;    1 ;    3291002
  8515753730944 ; RT_qsort_S ;  1 ;   1 ;    0 ; 1000000000 ;    1 ;    3013389
  8516753731049 ; RT_qsort_S ;  1 ;   1 ;    0 ; 1000000000 ;    1 ;    2907837
  8517753731110 ; RT_qsort_S ;  1 ;   1 ;    0 ; 1000000000 ;    1 ;    3424303
  8518753730755 ; RT_qsort_S ;  1 ;   1 ;    0 ; 1000000000 ;    1 ;    3005519
  8519753730780 ; RT_qsort_S ;  1 ;   1 ;    0 ; 1000000000 ;    1 ;    3042408
  8520753730690 ; RT_qsort_S ;  1 ;   1 ;    0 ; 1000000000 ;    1 ;    3014645
  8521753730618 ; RT_qsort_S ;  1 ;   1 ;    0 ; 1000000000 ;    1 ;    3410866
  8522753730875 ; RT_qsort_S ;  1 ;   1 ;    0 ; 1000000000 ;    1 ;    3017115
  8523753731381 ; RT_qsort_S ;  1 ;   1 ;    0 ; 1000000000 ;    1 ;    3019285
  8524753730557 ; RT_qsort_S ;  1 ;   1 ;    0 ; 1000000000 ;    1 ;    3309362
  8525753730978 ; RT_qsort_S ;  1 ;   1 ;    0 ; 1000000000 ;    1 ;    3050400
  8526753730979 ; RT_qsort_S ;  1 ;   1 ;    0 ; 1000000000 ;    1 ;    3008412
  8527753730864 ; RT_qsort_S ;  1 ;   1 ;    0 ; 1000000000 ;    1 ;    3295792
  8528753731290 ; RT_qsort_S ;  1 ;   1 ;    0 ; 1000000000 ;    1 ;    3041806
  8529753730784 ; RT_qsort_S ;  1 ;   1 ;    0 ; 1000000000 ;    1 ;    3308493
  8530753731127 ; RT_qsort_S ;  1 ;   1 ;    0 ; 1000000000 ;    1 ;    3450902
  8531753731060 ; RT_qsort_S ;  1 ;   1 ;    0 ; 1000000000 ;    1 ;    2955151
  8532753730948 ; RT_qsort_S ;  1 ;   1 ;    0 ; 1000000000 ;    1 ;    3033091
  8533753730955 ; RT_qsort_S ;  1 ;   1 ;    0 ; 1000000000 ;    1 ;    3333512
  8534753730852 ; RT_qsort_S ;  1 ;   1 ;    0 ; 1000000000 ;    1 ;    3062085
  8535753730924 ; RT_qsort_S ;  1 ;   1 ;    0 ; 1000000000 ;    1 ;    3427082
  8536753730776 ; RT_qsort_S ;  1 ;   1 ;    0 ; 1000000000 ;    1 ;    3424858
  8537753731398 ; RT_qsort_S ;  1 ;   1 ;    0 ; 1000000000 ;    1 ;    3035348
  8538753730964 ; RT_qsort_S ;  1 ;   1 ;    0 ; 1000000000 ;    1 ;    3442226
  8539753730680 ; RT_qsort_S ;  1 ;   1 ;    0 ; 1000000000 ;    1 ;    3022932
  8540753730778 ; RT_qsort_S ;  1 ;   1 ;    0 ; 1000000000 ;    1 ;    3018835
  8541753730693 ; RT_qsort_S ;  1 ;   1 ;    0 ; 1000000000 ;    1 ;    2941721
  8542753730966 ; RT_qsort_S ;  1 ;   1 ;    0 ; 1000000000 ;    1 ;    3444296
  8543753731160 ; RT_qsort_S ;  1 ;   1 ;    0 ; 1000000000 ;    1 ;    3023688
  8544753731471 ; RT_qsort_S ;  1 ;   1 ;    0 ; 1000000000 ;    1 ;    3018682
  8545753730546 ; RT_qsort_S ;  1 ;   1 ;    0 ; 1000000000 ;    1 ;    2918186
  8546753730783 ; RT_qsort_S ;  1 ;   1 ;    0 ; 1000000000 ;    1 ;    3433613
  8547753730904 ; RT_qsort_S ;  1 ;   1 ;    0 ; 1000000000 ;    1 ;    2963415
  8548753730862 ; RT_qsort_S ;  1 ;   1 ;    0 ; 1000000000 ;    1 ;    3046547
  8549753730934 ; RT_qsort_S ;  1 ;   1 ;    0 ; 1000000000 ;    1 ;    3434395
  8550753730993 ; RT_qsort_S ;  1 ;   1 ;    0 ; 1000000000 ;    1 ;    2996960
  8551753731024 ; RT_qsort_S ;  1 ;   1 ;    0 ; 1000000000 ;    1 ;    3019696
  8552753730903 ; RT_qsort_S ;  1 ;   1 ;    0 ; 1000000000 ;    1 ;    3031166
  8553753731384 ; RT_qsort_S ;  1 ;   1 ;    0 ; 1000000000 ;    1 ;    3025813
  8554753731000 ; RT_qsort_S ;  1 ;   1 ;    0 ; 1000000000 ;    1 ;    3051686
  8555753731802 ; RT_qsort_S ;  1 ;   1 ;    0 ; 1000000000 ;    1 ;    3480825
  8556753731429 ; RT_qsort_S ;  1 ;   1 ;    0 ; 1000000000 ;    1 ;    3436598
  8557753731095 ; RT_qsort_S ;  1 ;   1 ;    0 ; 1000000000 ;    1 ;    3041644
  8558753731107 ; RT_qsort_S ;  1 ;   1 ;    0 ; 1000000000 ;    1 ;    3025628
  8559753731395 ; RT_qsort_S ;  1 ;   1 ;    0 ; 1000000000 ;    1 ;    3461113
  8560753731380 ; RT_qsort_S ;  1 ;   1 ;    0 ; 1000000000 ;    1 ;    3030573
  8561753731498 ; RT_qsort_S ;  1 ;   1 ;    0 ; 1000000000 ;    1 ;    3047169
  8562753730999 ; RT_qsort_S ;  1 ;   1 ;    0 ; 1000000000 ;    1 ;    3015808
  8563753731481 ; RT_qsort_S ;  1 ;   1 ;    0 ; 1000000000 ;    1 ;    3050581
  8564753730828 ; RT_qsort_S ;  1 ;   1 ;    0 ; 1000000000 ;    1 ;    3037990
  8565753730853 ; RT_qsort_S ;  1 ;   1 ;    0 ; 1000000000 ;    1 ;    3422343
  8566753730974 ; RT_qsort_S ;  1 ;   1 ;    0 ; 1000000000 ;    1 ;    3438296
  8567753731014 ; RT_qsort_S ;  1 ;   1 ;    0 ; 1000000000 ;    1 ;    3434263
  8568753731093 ; RT_qsort_S ;  1 ;   1 ;    0 ; 1000000000 ;    1 ;    2954853
  8569753730920 ; RT_qsort_S ;  1 ;   1 ;    0 ; 1000000000 ;    1 ;    3033636
  8570753732227 ; RT_qsort_S ;  1 ;   1 ;    0 ; 1000000000 ;    1 ;    3485408
  8571753730968 ; RT_qsort_S ;  1 ;   1 ;    0 ; 1000000000 ;    1 ;    2931392
  8572753730728 ; RT_qsort_S ;  1 ;   1 ;    0 ; 1000000000 ;    1 ;    3437560
  8573753731156 ; RT_qsort_S ;  1 ;   1 ;    0 ; 1000000000 ;    1 ;    2914266
  8574753730938 ; RT_qsort_S ;  1 ;   1 ;    0 ; 1000000000 ;    1 ;    3432291
  8575753730925 ; RT_qsort_S ;  1 ;   1 ;    0 ; 1000000000 ;    1 ;    2925213
  8576753730717 ; RT_qsort_S ;  1 ;   1 ;    0 ; 1000000000 ;    1 ;    3004715
  8577753731194 ; RT_qsort_S ;  1 ;   1 ;    0 ; 1000000000 ;    1 ;    3006699
  8578753730821 ; RT_qsort_S ;  1 ;   1 ;    0 ; 1000000000 ;    1 ;    3416334
  8579753730835 ; RT_qsort_S ;  1 ;   1 ;    0 ; 1000000000 ;    1 ;    3022136
  8580753730674 ; RT_qsort_S ;  1 ;   1 ;    0 ; 1000000000 ;    1 ;    2885743
  8581753730660 ; RT_qsort_S ;  1 ;   1 ;    0 ; 1000000000 ;    1 ;    3034559
  8582753730895 ; RT_qsort_S ;  1 ;   1 ;    0 ; 1000000000 ;    1 ;    3434713
  8583753731028 ; RT_qsort_S ;  1 ;   1 ;    0 ; 1000000000 ;    1 ;    2916498
  8584753731273 ; RT_qsort_S ;  1 ;   1 ;    0 ; 1000000000 ;    1 ;    3421231
  8585753731059 ; RT_qsort_S ;  1 ;   1 ;    0 ; 1000000000 ;    1 ;    3027504
  8586753730931 ; RT_qsort_S ;  1 ;   1 ;    0 ; 1000000000 ;    1 ;    3328987
  8587753731085 ; RT_qsort_S ;  1 ;   1 ;    0 ; 1000000000 ;    1 ;    3018382
  8588753730980 ; RT_qsort_S ;  1 ;   1 ;    0 ; 1000000000 ;    1 ;    3441431
  8589753730898 ; RT_qsort_S ;  1 ;   1 ;    0 ; 1000000000 ;    1 ;    3427178
  8590753730794 ; RT_qsort_S ;  1 ;   1 ;    0 ; 1000000000 ;    1 ;    3012108
  8591753731095 ; RT_qsort_S ;  1 ;   1 ;    0 ; 1000000000 ;    1 ;    2999356
  8592753731136 ; RT_qsort_S ;  1 ;   1 ;    0 ; 1000000000 ;    1 ;    3005812
  8593753731245 ; RT_qsort_S ;  1 ;   1 ;    0 ; 1000000000 ;    1 ;    3335206
  8594753730962 ; RT_qsort_S ;  1 ;   1 ;    0 ; 1000000000 ;    1 ;    3023513
  8595753730828 ; RT_qsort_S ;  1 ;   1 ;    0 ; 1000000000 ;    1 ;    3345940
  8596753731008 ; RT_qsort_S ;  1 ;   1 ;    0 ; 1000000000 ;    1 ;    3007621
  8597753731039 ; RT_qsort_S ;  1 ;   1 ;    0 ; 1000000000 ;    1 ;    3036215
  8598753731009 ; RT_qsort_S ;  1 ;   1 ;    0 ; 1000000000 ;    1 ;    3421329
  8599753730866 ; RT_qsort_S ;  1 ;   1 ;    0 ; 1000000000 ;    1 ;    3029646
  8600753731003 ; RT_qsort_S ;  1 ;   1 ;    0 ; 1000000000 ;    1 ;    3038991
  8601753730991 ; RT_qsort_S ;  1 ;   1 ;    0 ; 1000000000 ;    1 ;    3418541
  8602753731015 ; RT_qsort_S ;  1 ;   1 ;    0 ; 1000000000 ;    1 ;    3053803
  8603753731336 ; RT_qsort_S ;  1 ;   1 ;    0 ; 1000000000 ;    1 ;    3430545
  8604753730798 ; RT_qsort_S ;  1 ;   1 ;    0 ; 1000000000 ;    1 ;    3017965
  8605753730874 ; RT_qsort_S ;  1 ;   1 ;    0 ; 1000000000 ;    1 ;    3315153
  8606753730862 ; RT_qsort_S ;  1 ;   1 ;    0 ; 1000000000 ;    1 ;    2900020
  8607753731254 ; RT_qsort_S ;  1 ;   1 ;    0 ; 1000000000 ;    1 ;    3085044
  8608753730773 ; RT_qsort_S ;  1 ;   1 ;    0 ; 1000000000 ;    1 ;    3433846
  8609753730703 ; RT_qsort_S ;  1 ;   1 ;    0 ; 1000000000 ;    1 ;    2907900
  8610753730968 ; RT_qsort_S ;  1 ;   1 ;    0 ; 1000000000 ;    1 ;    3005642
  8611753730855 ; RT_qsort_S ;  1 ;   1 ;    0 ; 1000000000 ;    1 ;    3058852
  8612753731051 ; RT_qsort_S ;  1 ;   1 ;    0 ; 1000000000 ;    1 ;    3035498
  8613753731058 ; RT_qsort_S ;  1 ;   1 ;    0 ; 1000000000 ;    1 ;    2939538
  8614753730850 ; RT_qsort_S ;  1 ;   1 ;    0 ; 1000000000 ;    1 ;    3439469
  8615753731306 ; RT_qsort_S ;  1 ;   1 ;    0 ; 1000000000 ;    1 ;    3420327
  8616753730945 ; RT_qsort_S ;  1 ;   1 ;    0 ; 1000000000 ;    1 ;    3417729
  8617753731444 ; RT_qsort_S ;  1 ;   1 ;    0 ; 1000000000 ;    1 ;    3058626
  8618753730966 ; RT_qsort_S ;  1 ;   1 ;    0 ; 1000000000 ;    1 ;    3028245
  8619753730636 ; RT_qsort_S ;  1 ;   1 ;    0 ; 1000000000 ;    1 ;    2931700
  8620753730854 ; RT_qsort_S ;  1 ;   1 ;    0 ; 1000000000 ;    1 ;    3420962
  8621753731046 ; RT_qsort_S ;  1 ;   1 ;    0 ; 1000000000 ;    1 ;    2941802
  8622753731164 ; RT_qsort_S ;  1 ;   1 ;    0 ; 1000000000 ;    1 ;    3035390
  8623753730993 ; RT_qsort_S ;  1 ;   1 ;    0 ; 1000000000 ;    1 ;    2905544
  8624753731097 ; RT_qsort_S ;  1 ;   1 ;    0 ; 1000000000 ;    1 ;    3417647
  8625753731053 ; RT_qsort_S ;  1 ;   1 ;    0 ; 1000000000 ;    1 ;    3046407
  8626753730884 ; RT_qsort_S ;  1 ;   1 ;    0 ; 1000000000 ;    1 ;    3306749
  8627753731019 ; RT_qsort_S ;  1 ;   1 ;    0 ; 1000000000 ;    1 ;    3020012
  8628753730873 ; RT_qsort_S ;  1 ;   1 ;    0 ; 1000000000 ;    1 ;    3425574
  8629753731113 ; RT_qsort_S ;  1 ;   1 ;    0 ; 1000000000 ;    1 ;    3425729
  8630753732667 ; RT_qsort_S ;  1 ;   1 ;    0 ; 1000000000 ;    1 ;    3113024
  8631753731648 ; RT_qsort_S ;  1 ;   1 ;    0 ; 1000000000 ;    1 ;    3083712
  8632753731170 ; RT_qsort_S ;  1 ;   1 ;    0 ; 1000000000 ;    1 ;    3320279
  8633753731010 ; RT_qsort_S ;  1 ;   1 ;    0 ; 1000000000 ;    1 ;    3481365
  8634753731676 ; RT_qsort_S ;  1 ;   1 ;    0 ; 1000000000 ;    1 ;    2952956
  8635753730727 ; RT_qsort_S ;  1 ;   1 ;    0 ; 1000000000 ;    1 ;    3430585
  8636753730603 ; RT_qsort_S ;  1 ;   1 ;    0 ; 1000000000 ;    1 ;    3430892
