      timestamp ;                Chain ; ID ;   deadline ;   duration
   785228999812 ; SignalDataProcessing ;  1 ; 10000000000 ;  373797373
   785606737592 ; SignalDataProcessing ;  1 ; 10000000000 ;  371729376
   785982419745 ; SignalDataProcessing ;  1 ; 10000000000 ;  373303215
   786359675539 ; SignalDataProcessing ;  1 ; 10000000000 ;  373001706
   786736630475 ; SignalDataProcessing ;  1 ; 10000000000 ;  371449872
   787112031108 ; SignalDataProcessing ;  1 ; 10000000000 ;  373790902
   787489766356 ; SignalDataProcessing ;  1 ; 10000000000 ;  371531356
   787865250684 ; SignalDataProcessing ;  1 ; 10000000000 ;  371989565
   788241190683 ; SignalDataProcessing ;  1 ; 10000000000 ;  371057614
   788616202463 ; SignalDataProcessing ;  1 ; 10000000000 ;  371856436
   788992008757 ; SignalDataProcessing ;  1 ; 10000000000 ;  371717005
   789367679843 ; SignalDataProcessing ;  1 ; 10000000000 ;  372138240
   789743770941 ; SignalDataProcessing ;  1 ; 10000000000 ;  371205780
   790118929010 ; SignalDataProcessing ;  1 ; 10000000000 ;  372236521
   790495117492 ; SignalDataProcessing ;  1 ; 10000000000 ;  372082197
   790871152362 ; SignalDataProcessing ;  1 ; 10000000000 ;  371992966
   791247098126 ; SignalDataProcessing ;  1 ; 10000000000 ;  371544680
   791622595830 ; SignalDataProcessing ;  1 ; 10000000000 ;  371731211
   791998279938 ; SignalDataProcessing ;  1 ; 10000000000 ;  747440923
   792749704242 ; SignalDataProcessing ;  1 ; 10000000000 ;  746600059
   793500301577 ; SignalDataProcessing ;  1 ; 10000000000 ;  742530608
   794246826471 ; SignalDataProcessing ;  1 ; 10000000000 ;  746157190
   794996977467 ; SignalDataProcessing ;  1 ; 10000000000 ;  743972006
   795743877105 ; SignalDataProcessing ;  1 ; 10000000000 ;  746050474
   796493876911 ; SignalDataProcessing ;  1 ; 10000000000 ;  747911521
   797245739993 ; SignalDataProcessing ;  1 ; 10000000000 ;  746105165
   797995799678 ; SignalDataProcessing ;  1 ; 10000000000 ;  746431577
   798746184318 ; SignalDataProcessing ;  1 ; 10000000000 ;  747854915
   799497976229 ; SignalDataProcessing ;  1 ; 10000000000 ;  747553017
   800249480430 ; SignalDataProcessing ;  1 ; 10000000000 ;  747767415
   801001200368 ; SignalDataProcessing ;  1 ; 10000000000 ;  747718596
   801752868313 ; SignalDataProcessing ;  1 ; 10000000000 ; 1121747649
   802878602097 ; SignalDataProcessing ;  1 ; 10000000000 ;  747832185
   803630411550 ; SignalDataProcessing ;  1 ; 10000000000 ;  748063046
   804382445713 ; SignalDataProcessing ;  1 ; 10000000000 ;  747204206
   805133621289 ; SignalDataProcessing ;  1 ; 10000000000 ;  747519904
   805885111625 ; SignalDataProcessing ;  1 ; 10000000000 ;  747916195
   806636993348 ; SignalDataProcessing ;  1 ; 10000000000 ;  747053292
   807388016421 ; SignalDataProcessing ;  1 ; 10000000000 ;  746751300
   808138736961 ; SignalDataProcessing ;  1 ; 10000000000 ;  746970032
   808889676026 ; SignalDataProcessing ;  1 ; 10000000000 ;  747752878
   809641399221 ; SignalDataProcessing ;  1 ; 10000000000 ;  748482360
   810393851997 ; SignalDataProcessing ;  1 ; 10000000000 ;  746667405
   811144489749 ; SignalDataProcessing ;  1 ; 10000000000 ;  746740945
   811895200924 ; SignalDataProcessing ;  1 ; 10000000000 ;  748565573
   812647737049 ; SignalDataProcessing ;  1 ; 10000000000 ;  749260599
   813400967385 ; SignalDataProcessing ;  1 ; 10000000000 ;  747232865
   814152170654 ; SignalDataProcessing ;  1 ; 10000000000 ;  746806312
   814902947689 ; SignalDataProcessing ;  1 ; 10000000000 ;  747537689
   815654456292 ; SignalDataProcessing ;  1 ; 10000000000 ;  746964446
   816405391096 ; SignalDataProcessing ;  1 ; 10000000000 ;  752186160
   817161544874 ; SignalDataProcessing ;  1 ; 10000000000 ;  746732959
   817912249023 ; SignalDataProcessing ;  1 ; 10000000000 ;  746630074
   818662848609 ; SignalDataProcessing ;  1 ; 10000000000 ;  747116237
   819413933390 ; SignalDataProcessing ;  1 ; 10000000000 ;  746958733
   820164863090 ; SignalDataProcessing ;  1 ; 10000000000 ;  745833275
   820914666736 ; SignalDataProcessing ;  1 ; 10000000000 ;  749479314
   821668115271 ; SignalDataProcessing ;  1 ; 10000000000 ;  748216022
   822420301106 ; SignalDataProcessing ;  1 ; 10000000000 ;  747057090
   823171329561 ; SignalDataProcessing ;  1 ; 10000000000 ;  747858650
   823923158781 ; SignalDataProcessing ;  1 ; 10000000000 ;  747565204
   824674693882 ; SignalDataProcessing ;  1 ; 10000000000 ;  747556138
   825426215533 ; SignalDataProcessing ;  1 ; 10000000000 ;  747071884
   826177257471 ; SignalDataProcessing ;  1 ; 10000000000 ;  747012482
   826928239949 ; SignalDataProcessing ;  1 ; 10000000000 ;  748499041
   827680710501 ; SignalDataProcessing ;  1 ; 10000000000 ;  746579809
   828431257325 ; SignalDataProcessing ;  1 ; 10000000000 ;  747740818
   829182961647 ; SignalDataProcessing ;  1 ; 10000000000 ;  747722241
   829934655598 ; SignalDataProcessing ;  1 ; 10000000000 ;  748234485
   830686851036 ; SignalDataProcessing ;  1 ; 10000000000 ;  747270984
   831438092746 ; SignalDataProcessing ;  1 ; 10000000000 ;  748210218
   832190271649 ; SignalDataProcessing ;  1 ; 10000000000 ;  747675617
   832941915672 ; SignalDataProcessing ;  1 ; 10000000000 ;  746958186
   833692844325 ; SignalDataProcessing ;  1 ; 10000000000 ;  747593181
   834444407945 ; SignalDataProcessing ;  1 ; 10000000000 ;  745923943
   835194301067 ; SignalDataProcessing ;  1 ; 10000000000 ;  746314239
   835944582064 ; SignalDataProcessing ;  1 ; 10000000000 ;  748564605
   836697117179 ; SignalDataProcessing ;  1 ; 10000000000 ;  746577144
   837447664016 ; SignalDataProcessing ;  1 ; 10000000000 ;  747332702
   838198966790 ; SignalDataProcessing ;  1 ; 10000000000 ;  747164519
   838950090831 ; SignalDataProcessing ;  1 ; 10000000000 ;  746421966
   839700483569 ; SignalDataProcessing ;  1 ; 10000000000 ;  748350269
   840452805470 ; SignalDataProcessing ;  1 ; 10000000000 ;  747079954
   841203856848 ; SignalDataProcessing ;  1 ; 10000000000 ;  748506499
   841955919914 ; SignalDataProcessing ;  1 ; 10000000000 ;  760698096
   843021294314 ; SignalDataProcessing ;  1 ; 10000000000 ;  914162795
   844138550807 ; SignalDataProcessing ;  1 ; 10000000000 ;  914027188
   845255717815 ; SignalDataProcessing ;  1 ; 10000000000 ;  913341391
      timestamp ;       Chain ; ID ;   deadline ;   duration
      timestamp ;              Chain ; ID ;   deadline ;   duration
      timestamp ;            Chain ; ID ;   deadline ;   duration
      timestamp ;           Chain ; ID ;   deadline ;   duration
